<?xml version="1.0" encoding="UTF-8"?>
<!DOCTYPE toc>
<toc version="2.0" categoryclosedimage="chapter" topicimage="topic">
  <tocitem image="toplevelfolder" target="top" text="Logisim Referenzen">

	<tocitem target="guide" text="Leitfaden für Logisim-Anwender">
		<tocitem target="tutorial" text="Einführung für Anfänger">
			<tocitem target="tutorial_orient" text="Schritt 0: Finden Sie sich zurecht" />
			<tocitem target="tutorial_gates" text="Schritt 1: Gatter hinzufügen" />
			<tocitem target="tutorial_wires" text="Schritt 2: Leitungen hinzufügen" />
			<tocitem target="tutorial_text" text="Schritt 3: Text hinzufügen" />
			<tocitem target="tutorial_test" text="Schritt 4: Testen der Schaltung" />
		</tocitem>
		<tocitem target="attrlib" text="Bibliotheken und Attribute">
			<tocitem target="attrlib_explore" text="Das Übersichtsfenster" />
			<tocitem target="attrlib_attr" text="Die Attribut-Tabelle" />
			<tocitem target="attrlib_tool" text="Werkzeug- und Bauelementattribute" />
		</tocitem>
		<tocitem target="subcirc" text="Teilschaltungen">
			<tocitem target="subcirc_creating" text="Erstellen von Schaltungen" />
			<tocitem target="subcirc_using" text="Verwendung von Teilschaltungen" />
			<tocitem target="subcirc_appear" text="Aussehen von Teilschaltungen bearbeiten" />
			<tocitem target="subcirc_debug" text="Fehlersuche in Teilschaltungen" />
			<tocitem target="subcirc_library" text="Bibliotheken von Logisim" />
		</tocitem>
		<tocitem target="bundles" text="Leitungsbündel">
			<tocitem target="bundles_creating" text="Erstellen von Leitungsbündeln" />
			<tocitem target="bundles_splitting" text="Verteiler" />
			<tocitem target="bundles_colors" text="Farben der Leitungen" />
		</tocitem>
		<tocitem target="analyze" text="Kombinatorik">
			<tocitem target="analyze_open" text="Starten der Kombinatorik" />
			<tocitem target="analyze_table" text="Bearbeiten der Wahrheitstabelle" />
			<tocitem target="analyze_expr" text="Erstellen von Ausdrücken" />
			<tocitem target="analyze_gen" text="Erstellen einer Schaltung" />
		</tocitem>
		<tocitem target="menu" text="Menüreferenz">
			<tocitem target="menu_file" text="Das Dateimenü" />
			<tocitem target="menu_edit" text="Das Bearbeitungsmenü" />
			<tocitem target="menu_project" text="Das Projektmenü" />
			<tocitem target="menu_simulate" text="Das Simulationsmenü" />
			<tocitem target="menu_winhelp" text="Die Fenster- und Hilfe-Menüs" />
		</tocitem>
		<tocitem target="mem_guide" text="Speicherbauelemente">
			<tocitem target="mem_poke" text="Speicherinhalte bearbeiten" />
			<tocitem target="mem_menu" text="Kontextmenüs und Dateien" />
			<tocitem target="mem_hex" text="Hex-Editor" />
		</tocitem>
		<tocitem target="log" text="Ablaufverfolgung">
			<tocitem target="log_selection" text="Die Registerkarte &quot;Auswahl&quot;" />
			<tocitem target="log_table" text="Die Registerkarte &quot;Tabelle&quot;" />
			<tocitem target="log_file" text="Die Registerkarte &quot;Datei&quot;" />
		</tocitem>
		<tocitem target="verify" text="Benutzung der Kommandozeile">
			<tocitem target="verify_sub" text="Bibliotheken austauschen" />
			<tocitem target="verify_other" text="Andere Prüfungseinstellungen" />
			<tocitem target="verify_multi" text="Testen mehrerer Dateien" />
		</tocitem>
		<tocitem target="prefs" text="Programmbezogene Einstellungen">
			<tocitem target="prefs_template" text="Die Registerkarte &quot;Vorlage&quot;" />
			<tocitem target="prefs_intl" text="Die Registerkarte &quot;Internationalisierung&quot;" />
			<tocitem target="prefs_window" text="Die Registerkarte &quot;Fenster&quot;" />
			<tocitem target="prefs_layout" text="Die Registerkarte &quot;Layouteditor&quot;" />
			<tocitem target="prefs_exp" text="Die Registerkarte &quot;Experimentell&quot;" />
			<tocitem target="prefs_cmdline" text="Die Kommandozeile" />
		</tocitem>
		<tocitem target="opts" text="Projektbezogene Einstellungen">
			<tocitem target="opts_simulate" text="Die Registerkarte &quot;Simulation&quot;" />
			<tocitem target="opts_toolbar" text="Die Registerkarte &quot;Werkzeugleiste&quot;" />
			<tocitem target="opts_mouse" text="Die Registerkarte &quot;Maus&quot;" />
		</tocitem>
		<tocitem target="prop" text="Weiterleitung von Werten">
			<tocitem target="prop_delays" text="Gatterlaufzeiten" />
			<tocitem target="prop_oscillate" text="Fehler durch Oszillationen" />
			<tocitem target="prop_shortcome" text="Schwachstellen" />
		</tocitem>
		<tocitem target="jar" text="JAR-Bibliotheken">
			<tocitem target="jar_incr" text="Gray-Kode-Inkrementierer" />
			<tocitem target="jar_library" text="Bibliotheksklasse" />
			<tocitem target="jar_simpctr" text="Einfacher Gray-Kode-Zähler" />
			<tocitem target="jar_counter" text="Gray-Kode-Zähler" />
			<tocitem target="jar_guide" text="Richtlinien" />
		</tocitem>
		<tocitem target="about" text="Über das Programm">
			<tocitem target="about_gpl" text="GNU General Public License" />
		</tocitem>
	</tocitem>

	<tocitem target="libs" text="Bibliotheksreferenz">
	  <tocitem target="wiring" text="Wiring library">
		<tocitem target="wiring_splitter" text="Splitter" image="icon_splitter" />
		<tocitem target="wiring_pin" text="Pin" image="icon_pin" />
		<tocitem target="wiring_probe" text="Probe" image="icon_probe" />
		<tocitem target="wiring_tunnel" text="Tunnel" image="icon_tunnel" />
		<tocitem target="wiring_pull" text="Pull Resistor" image="icon_pull" />
		<tocitem target="wiring_clock" text="Clock" image="icon_clock" />
		<tocitem target="wiring_constant" text="Constant" image="icon_constant" />
		<tocitem target="wiring_const01" text="Power/Ground" image="icon_const01" />
		<tocitem target="wiring_transist" text="Transistor" image="icon_transist" />
		<tocitem target="wiring_transmis" text="Transmission Gate" image="icon_transmis" />
		<tocitem target="wiring_extender" text="Bit Extender" image="icon_extender" />
	  </tocitem>
	  <tocitem target="gates" text="Gatterbibliothek">
		<tocitem target="gates_not" text="Inverter" image="icon_not" />
		<tocitem target="gates_buffer" text="Puffer" image="icon_buffer" />
		<tocitem target="gates_basic" text="AND/OR/NAND/NOR-Gatter" image="icon_basic" />
		<tocitem target="gates_xor" text="XOR/XNOR/Even/Odd-Gatter" image="icon_xor" />
		<tocitem target="gates_controlled" text="Tristate-Puffer/Inverter" image="icon_controlled" />
	  </tocitem>
	  <tocitem target="plexers" text="Auswahlschaltungsbibliothek">
		<tocitem target="plexers_mux" text="Multiplexer" image="icon_mux" />
		<tocitem target="plexers_demux" text="Demultiplexer" image="icon_demux" />
		<tocitem target="plexers_decoder" text="Dekoder" image="icon_decoder" />
		<tocitem target="plexers_displaydecoder" text="Dekoder 7-Segmentanzeige Anzeige" image="icon_displaydecoder" />
		<tocitem target="plexers_priencod" text="Prioritätsenkoder" image="icon_priencod" />
		<tocitem target="plexers_selector" text="Bit-Wähler" image="icon_selector" />
	  </tocitem>
	  <tocitem target="arith" text="Arithmetikbibliothek">
		<tocitem target="arith_adder" text="Addierer" image="icon_adder" />
		<tocitem target="arith_subtractor" text="Subtrahierer" image="icon_subtractor" />
		<tocitem target="arith_multiplier" text="Multiplizierer" image="icon_multiplier" />
		<tocitem target="arith_divider" text="Teiler" image="icon_divider" />
		<tocitem target="arith_negator" text="Negator" image="icon_negator" />
		<tocitem target="arith_comparator" text="Komparator" image="icon_comparator" />
		<tocitem target="arith_shifter" text="Bitschieber" image="icon_shifter" />
		<tocitem target="arith_bitadder" text="Bit-Addierer" image="icon_bitadder" />
		<tocitem target="arith_bitfinder" text="Bit-Finder" image="icon_bitfinder" />
	  </tocitem>
	  <tocitem target="mem" text="Speicherbibliothek">
		<tocitem target="mem_flipflops" text="D/T/J-K/S-R Flip-Flop" image="icon_flipflops" />
		<tocitem target="mem_register" text="Register" image="icon_register" />
		<tocitem target="mem_counter" text="Zähler" image="icon_counter" />
		<tocitem target="mem_shiftreg" text="Schieberegister" image="icon_shiftreg" />
		<tocitem target="mem_random" text="Zufallsgenerator" image="icon_random" />
		<tocitem target="mem_ram" text="RAM" image="icon_ram" />
		<tocitem target="mem_rom" text="ROM" image="icon_rom" />
				<tocitem target="mem_plarom" text="PLA ROM" image="icon_plarom" />
	  </tocitem>
	  <tocitem target="io" text="Eingabe/Ausgabe-Bibliothek">
		<tocitem target="io_button" text="Taster" image="icon_button" />
		<tocitem target="io_switch" text="Schalter" image="icon_switch" />
		<tocitem target="io_joystick" text="Joystick" image="icon_joystick" />
		<tocitem target="io_keyboard" text="Tastatur" image="icon_keyboard" />
		<tocitem target="io_led" text="LED" image="icon_led" />
		<tocitem target="io_rgbled" text="RGB LED" image="icon_rgbled" />
		<tocitem target="io_digitaloscilloscope" text="Digitales Oszilloskop" image="icon_digitaloscilloscope" />
		<tocitem target="io_7seg" text="7-Segmentanzeige" image="icon_7seg" />
		<tocitem target="io_hexdig" text="Hexadezimale Anzeige" image="icon_hexdig" />
		<tocitem target="io_dotmat" text="LED-Matrix" image="icon_dotmat" />
		<tocitem target="io_tty" text="Terminal" image="icon_tty" />
	  </tocitem>
	  <tocitem target="base" text="Basisbibliothek">
		<tocitem target="base_poke" text="Schaltwerkzeug" image="icon_poke" />
		<tocitem target="base_edit" text="Bearbeitungswerkzeug" image="icon_edit" />
		<tocitem target="base_select" text="Auswahlwerkzeug" image="icon_select" />
		<tocitem target="base_wiring" text="Verbindungswerkzeug" image="icon_wiring" />
		<tocitem target="base_text" text="Textwerkzeug" image="icon_text" />
		<tocitem target="base_menu" text="Menüwerkzeug" image="icon_menu" />
		<tocitem target="base_label" text="Text" image="icon_label" />
	  </tocitem>
	</tocitem>
</tocitem>
</toc>
