<?xml version="1.0" encoding="UTF-8"?>
<!DOCTYPE toc>
<toc version="2.0" categoryclosedimage="chapter" topicimage="topic">
  <tocitem image="toplevelfolder" target="top" text="Referências do Logisim">

	<tocitem target="guide" text="Guia para se tornar usuário do Logisim">
		<tocitem target="tutorial" text="Tutorial para o iniciante">
			<tocitem target="tutorial_orient" text="Passo 0: Para orientar-se" />
			<tocitem target="tutorial_gates" text="Passo 1: Para acrescentar portas" />
			<tocitem target="tutorial_wires" text="Passo 2: Para acrescentar conexões" />
			<tocitem target="tutorial_text" text="Passo 3: Para acrescentar texto" />
			<tocitem target="tutorial_test" text="Passo 4: Para testar seu circuito" />
		</tocitem>
		<tocitem target="attrlib" text="Bibliotecas e atributos">
			<tocitem target="attrlib_explore" text="O painel explorador" />
			<tocitem target="attrlib_attr" text="A tabela de atributos" />
			<tocitem target="attrlib_tool" text="Atributos de ferramenta e componente" />
		</tocitem>
		<tocitem target="subcirc" text="Subcircuitos">
			<tocitem target="subcirc_creating" text="Para criar circuitos" />
			<tocitem target="subcirc_using" text="Para usar subcircuitos" />
			<tocitem target="subcirc_appear" text="Para editar a aparência de subcircuito" />
			<tocitem target="subcirc_debug" text="Para depurar subcircuitos" />
			<tocitem target="subcirc_library" text="Bibliotecas do Logisim" />
		</tocitem>
		<tocitem target="bundles" text="Conexões">
			<tocitem target="bundles_creating" text="Para criar conexões" />
			<tocitem target="bundles_splitting" text="Distribuidores" />
			<tocitem target="bundles_colors" text="Cores das conexões" />
		</tocitem>
		<tocitem target="analyze" text="Análise combinacional">
			<tocitem target="analyze_open" text="Para abrir a Análise Combinacional" />
			<tocitem target="analyze_table" text="Para editar a tabela-verdade" />
			<tocitem target="analyze_expr" text="Para criar expressões" />
			<tocitem target="analyze_gen" text="Para gerar um circuito" />
		</tocitem>
		<tocitem target="menu" text="Referência para menus">
			<tocitem target="menu_file" text="O menu Arquivo" />
			<tocitem target="menu_edit" text="O menu Editar" />
			<tocitem target="menu_project" text="O menu Projeto" />
			<tocitem target="menu_simulate" text="O menu Simular" />
			<tocitem target="menu_winhelp" text="Os menus Janela e Ajuda" />
		</tocitem>
		<tocitem target="mem_guide" text="Componentes de memória">
			<tocitem target="mem_poke" text="Para testar memória" />
			<tocitem target="mem_menu" text="Menus pop-up e arquivos" />
			<tocitem target="mem_hex" text="Editor hexadecimal" />
		</tocitem>
		<tocitem target="log" text="Registro">
			<tocitem target="log_selection" text="A aba Seleção" />
			<tocitem target="log_table" text="A aba Tabela" />
			<tocitem target="log_file" text="A aba Arquivo" />
		</tocitem>
		<tocitem target="verify" text="Verificação por linha de comando">
			<tocitem target="verify_sub" text="Para substituir bibliotecas" />
			<tocitem target="verify_other" text="Outras opções para verificação" />
			<tocitem target="verify_multi" text="Para testar vários arquivos" />
		</tocitem>
		<tocitem target="prefs" text="Preferências para a aplicação">
			<tocitem target="prefs_template" text="A aba Gabarito" />
			<tocitem target="prefs_intl" text="A aba Internacional" />
			<tocitem target="prefs_window" text="A aba Janela" />
			<tocitem target="prefs_layout" text="A aba Layout" />
			<tocitem target="prefs_exp" text="A aba Experimental" />
			<tocitem target="prefs_cmdline" text="A linha de comando" />
		</tocitem>
		<tocitem target="opts" text="Opções de projeto">
			<tocitem target="opts_simulate" text="A aba Simulação" />
			<tocitem target="opts_toolbar" text="A aba Ferramentas" />
			<tocitem target="opts_mouse" text="A aba Mouse" />
		</tocitem>
		<tocitem target="prop" text="Propagação de sinal">
			<tocitem target="prop_delays" text="Atrasos de portas" />
			<tocitem target="prop_oscillate" text="Erros de oscilação" />
			<tocitem target="prop_shortcome" text="Deficiências" />
		</tocitem>
		<tocitem target="jar" text="Bibliotecas JAR">
			<tocitem target="jar_incr" text="Incrementador em código de Gray" />
			<tocitem target="jar_library" text="Classe Biblioteca" />
			<tocitem target="jar_simpctr" text="Contador simples em código de Gray" />
			<tocitem target="jar_counter" text="Contador em código de Gray" />
			<tocitem target="jar_guide" text="Orientações" />
		</tocitem>
		<tocitem target="about" text="Sobre o programa">
			<tocitem target="about_gpl" text="GNU General Public License" />
		</tocitem>
	</tocitem>

	<tocitem target="libs" text="Referências para bibliotecas">
	  <tocitem target="wiring" text="Biblioteca Conexão">
		<tocitem target="wiring_splitter" text="Distribuidor" image="icon_splitter" />
		<tocitem target="wiring_pin" text="Pino" image="icon_pin" />
		<tocitem target="wiring_probe" text="Ponta de prova" image="icon_probe" />
		<tocitem target="wiring_tunnel" text="Túnel" image="icon_tunnel" />
		<tocitem target="wiring_pull" text="Resistor para ajuste" image="icon_pull" />
		<tocitem target="wiring_clock" text="Clock" image="icon_clock" />
		<tocitem target="wiring_constant" text="Constante" image="icon_constant" />
		<tocitem target="wiring_const01" text="Fonte/Terra" image="icon_const01" />
		<tocitem target="wiring_transist" text="Transistor" image="icon_transist" />
		<tocitem target="wiring_transmis" text="Transmissor" image="icon_transmis" />
		<tocitem target="wiring_extender" text="Extensor de Bit" image="icon_extender" />
	  </tocitem>
	  <tocitem target="gates" text="Biblioteca Portas">
		<tocitem target="gates_not" text="Porta NOT" image="icon_not" />
		<tocitem target="gates_buffer" text="Buffer" image="icon_buffer" />
		<tocitem target="gates_basic" text="Portas AND/OR/NAND/NOR" image="icon_basic" />
		<tocitem target="gates_xor" text="Portas XOR/XNOR/Paridade par/ímpar" image="icon_xor" />
		<tocitem target="gates_controlled" text="Buffer/Inversor controlado" image="icon_controlled" />
	  </tocitem>
	  <tocitem target="plexers" text="Biblioteca Plexers">
		<tocitem target="plexers_mux" text="Multiplexador" image="icon_mux" />
		<tocitem target="plexers_demux" text="Demultiplexador" image="icon_demux" />
		<tocitem target="plexers_decoder" text="Decodificador" image="icon_decoder" />
		<tocitem target="plexers_displaydecoder" text="Decodificador Display de 7-Segmentos" image="icon_displaydecoder" />
		<tocitem target="plexers_priencod" text="Codificador de prioridades" image="icon_priencod" />
		<tocitem target="plexers_selector" text="Seletor de bits" image="icon_selector" />
	  </tocitem>
	  <tocitem target="arith" text="Biblioteca Aritmética">
		<tocitem target="arith_adder" text="Somador" image="icon_adder" />
		<tocitem target="arith_subtractor" text="Subtrator" image="icon_subtractor" />
		<tocitem target="arith_multiplier" text="Multiplicador" image="icon_multiplier" />
		<tocitem target="arith_divider" text="Divisor" image="icon_divider" />
		<tocitem target="arith_negator" text="Negador" image="icon_negator" />
		<tocitem target="arith_comparator" text="Comparador" image="icon_comparator" />
		<tocitem target="arith_shifter" text="Deslocador" image="icon_shifter" />
		<tocitem target="arith_bitadder" text="Contador de bits" image="icon_bitadder" />
		<tocitem target="arith_bitfinder" text="Indexador de bits" image="icon_bitfinder" />
	  </tocitem>
	  <tocitem target="mem" text="Biblioteca Memória">
		<tocitem target="mem_flipflops" text="Flip-Flop D/T/J-K/S-R" image="icon_flipflops" />
		<tocitem target="mem_register" text="Registrador" image="icon_register" />
		<tocitem target="mem_counter" text="Contador" image="icon_counter" />
		<tocitem target="mem_shiftreg" text="Registrador de deslocamento" image="icon_shiftreg" />
		<tocitem target="mem_random" text="Gerador aleatório" image="icon_random" />
		<tocitem target="mem_ram" text="RAM" image="icon_ram" />
		<tocitem target="mem_rom" text="ROM" image="icon_rom" />
		<tocitem target="mem_plarom" text="PLA ROM" image="icon_plarom" />
	  </tocitem>
	  <tocitem target="io" text="Biblioteca Entrada/Saída">
		<tocitem target="io_button" text="Botão" image="icon_button" />
		<tocitem target="io_switch" text="Interruptor" image="icon_switch" />
		<tocitem target="io_joystick" text="Joystick" image="icon_joystick" />
		<tocitem target="io_keyboard" text="Teclado" image="icon_keyboard" />
		<tocitem target="io_led" text="LED" image="icon_led" />
		<tocitem target="io_rgbled" text="RGB LED" image="icon_rgbled" />
		<tocitem target="io_digitaloscilloscope" text="Osciloscópio digital" image="icon_digitaloscilloscope" />
		<tocitem target="io_7seg" text="Display de 7-segmentos" image="icon_7seg" />
		<tocitem target="io_hexdig" text="Display hexadecimal" image="icon_hexdig" />
		<tocitem target="io_dotmat" text="Matriz de LEDs" image="icon_dotmat" />
		<tocitem target="io_tty" text="TTY" image="icon_tty" />
	  </tocitem>
	  <tocitem target="base" text="Biblioteca Base">
		<tocitem target="base_poke" text="Ferramenta Testar" image="icon_poke" />
		<tocitem target="base_edit" text="Ferramenta Editar" image="icon_edit" />
		<tocitem target="base_select" text="Ferramenta Selecionar" image="icon_select" />
		<tocitem target="base_wiring" text="Ferramenta Conectar" image="icon_wiring" />
		<tocitem target="base_text" text="Ferramenta Texto" image="icon_text" />
		<tocitem target="base_menu" text="Ferramenta Menu" image="icon_menu" />
		<tocitem target="base_label" text="Texto" image="icon_label" />
	  </tocitem>
	</tocitem>
</tocitem>
</toc>
